{
    "robots": [
        {
            "name": "UR3",
            "type": "robotic arm",
            "manufacturer": "Universal Robots",
            "xacro-generated": true,
            "urdf": [
                "urdf/ur3.urdf"
            ],
            "variant": null,
            "source-link": "https://github.com/ros-industrial/universal_robot/tree/6507bb6756d0065d49b76230ff55f875f099a827/ur_description",
            "id": 240
        },
        {
            "name": "UR5",
            "type": "robotic arm",
            "manufacturer": "Universal Robots",
            "xacro-generated": true,
            "urdf": [
                "urdf/ur5.urdf"
            ],
            "variant": null,
            "source-link": "https://github.com/ros-industrial/universal_robot/tree/6507bb6756d0065d49b76230ff55f875f099a827/ur_description",
            "id": 241
        },
        {
            "name": "UR10",
            "type": "robotic arm",
            "manufacturer": "Universal Robots",
            "xacro-generated": true,
            "urdf": [
                "urdf/ur10.urdf"
            ],
            "variant": null,
            "source-link": "https://github.com/ros-industrial/universal_robot/tree/6507bb6756d0065d49b76230ff55f875f099a827/ur_description",
            "id": 242
        },
        {
            "name": "UR3e",
            "type": "robotic arm",
            "manufacturer": "Universal Robots",
            "xacro-generated": true,
            "urdf": [
                "urdf/ur3e.urdf"
            ],
            "variant": null,
            "source-link": "https://github.com/ros-industrial/universal_robot/tree/6507bb6756d0065d49b76230ff55f875f099a827/ur_description",
            "id": 243
        },
        {
            "name": "UR5e",
            "type": "robotic arm",
            "manufacturer": "Universal Robots",
            "xacro-generated": true,
            "urdf": [
                "urdf/ur5e.urdf"
            ],
            "variant": null,
            "source-link": "https://github.com/ros-industrial/universal_robot/tree/6507bb6756d0065d49b76230ff55f875f099a827/ur_description",
            "id": 244
        },
        {
            "name": "UR10e",
            "type": "robotic arm",
            "manufacturer": "Universal Robots",
            "xacro-generated": true,
            "urdf": [
                "urdf/ur10e.urdf"
            ],
            "variant": null,
            "source-link": "https://github.com/ros-industrial/universal_robot/tree/6507bb6756d0065d49b76230ff55f875f099a827/ur_description",
            "id": 245
        },
        {
            "name": "UR16e",
            "type": "robotic arm",
            "manufacturer": "Universal Robots",
            "xacro-generated": true,
            "urdf": [
                "urdf/ur16e.urdf"
            ],
            "variant": null,
            "source-link": "https://github.com/ros-industrial/universal_robot/tree/6507bb6756d0065d49b76230ff55f875f099a827/ur_description",
            "id": 246
        }
    ]
}